main_category,feature,frequency,percentage
Baby,Brand,1,100.0
Baby,Colour,1,100.0
Baby,Handle Material,1,100.0
Baby,Specific Uses For Product,1,100.0
Baby,Product Dimensions,1,100.0
"Bags, Wallets and Luggage",Colour,49,74.24
"Bags, Wallets and Luggage",Material,42,63.64
"Bags, Wallets and Luggage",Country of Origin,40,60.61
"Bags, Wallets and Luggage",Style,38,57.58
"Bags, Wallets and Luggage",Brand,32,48.48
"Bags, Wallets and Luggage",Item shape,19,28.79
"Bags, Wallets and Luggage",Special Feature,14,21.21
"Bags, Wallets and Luggage",Recommended Uses For Product,8,12.12
"Bags, Wallets and Luggage",Portability,7,10.61
"Bags, Wallets and Luggage",Display Type,7,10.61
"Bags, Wallets and Luggage",Product Type,6,9.09
"Bags, Wallets and Luggage",Closure Type,5,7.58
"Bags, Wallets and Luggage",Manufacturer,4,6.06
"Bags, Wallets and Luggage",Closure type,4,6.06
"Bags, Wallets and Luggage",Outer material,4,6.06
"Bags, Wallets and Luggage",Material type,4,6.06
"Bags, Wallets and Luggage",Design,4,6.06
"Bags, Wallets and Luggage",Size,4,6.06
"Bags, Wallets and Luggage",Shoe Compatibility,4,6.06
"Bags, Wallets and Luggage",Storage Use,4,6.06
"Bags, Wallets and Luggage",Travel Use,4,6.06
"Bags, Wallets and Luggage",Space Saving,4,6.06
"Bags, Wallets and Luggage",Protection,4,6.06
"Bags, Wallets and Luggage",Packer,3,4.55
"Bags, Wallets and Luggage",Included Components,3,4.55
"Bags, Wallets and Luggage",Number of pockets,3,4.55
"Bags, Wallets and Luggage",Strap type,3,4.55
"Bags, Wallets and Luggage",Fill Material,3,4.55
"Bags, Wallets and Luggage",Shape,3,4.55
"Bags, Wallets and Luggage",Age Range (Description),3,4.55
"Bags, Wallets and Luggage",Department,2,3.03
"Bags, Wallets and Luggage",ASIN,2,3.03
"Bags, Wallets and Luggage",Item Weight,2,3.03
"Bags, Wallets and Luggage",Item Dimensions LxWxH,2,3.03
"Bags, Wallets and Luggage",Net Quantity,2,3.03
"Bags, Wallets and Luggage",Generic Name,2,3.03
"Bags, Wallets and Luggage",Best Sellers Rank,2,3.03
"Bags, Wallets and Luggage",Care instructions,2,3.03
"Bags, Wallets and Luggage",Water Resistance,2,3.03
"Bags, Wallets and Luggage",Attachment Options,2,3.03
"Bags, Wallets and Luggage",Use,2,3.03
"Bags, Wallets and Luggage",Durability,2,3.03
"Bags, Wallets and Luggage",Material Features,2,3.03
"Bags, Wallets and Luggage",Opening Design,2,3.03
"Bags, Wallets and Luggage",Storage Capacity,2,3.03
"Bags, Wallets and Luggage",Gender,2,3.03
"Bags, Wallets and Luggage",Multi-Function Use,2,3.03
"Bags, Wallets and Luggage",Inner material,1,1.52
"Bags, Wallets and Luggage",Waterproof Zipper,1,1.52
"Bags, Wallets and Luggage",Reflectors,1,1.52
"Bags, Wallets and Luggage",Capacity,1,1.52
"Bags, Wallets and Luggage",Product Dimensions,1,1.52
"Bags, Wallets and Luggage",Band colour,1,1.52
"Bags, Wallets and Luggage",Band material type,1,1.52
"Bags, Wallets and Luggage",Watch movement type,1,1.52
"Bags, Wallets and Luggage",Item weight,1,1.52
"Bags, Wallets and Luggage",Model name,1,1.52
"Bags, Wallets and Luggage",Design Features,1,1.52
"Bags, Wallets and Luggage",Moving Wings,1,1.52
"Bags, Wallets and Luggage",Lighting,1,1.52
"Bags, Wallets and Luggage",Light Control,1,1.52
"Bags, Wallets and Luggage",Attachment Type,1,1.52
"Bags, Wallets and Luggage",Package Contents,1,1.52
"Bags, Wallets and Luggage",Item model number,1,1.52
"Bags, Wallets and Luggage",Importer,1,1.52
"Bags, Wallets and Luggage",Finish,1,1.52
"Bags, Wallets and Luggage",Mirror,1,1.52
"Bags, Wallets and Luggage",Clasp Type,1,1.52
"Bags, Wallets and Luggage",Design Details,1,1.52
"Bags, Wallets and Luggage",Weight,1,1.52
"Bags, Wallets and Luggage",Theme,1,1.52
"Bags, Wallets and Luggage",Lock Type,1,1.52
"Bags, Wallets and Luggage",Item dimensions L x W x H,1,1.52
"Bags, Wallets and Luggage",Organization Use,1,1.52
"Bags, Wallets and Luggage",Quantity,1,1.52
"Bags, Wallets and Luggage",Visibility,1,1.52
"Bags, Wallets and Luggage",Foldable,1,1.52
"Bags, Wallets and Luggage",Dust Resistance,1,1.52
"Bags, Wallets and Luggage",Scuff Resistance,1,1.52
"Bags, Wallets and Luggage",Customer Reviews,1,1.52
"Bags, Wallets and Luggage",Price,1,1.52
"Bags, Wallets and Luggage",Filling,1,1.52
"Bags, Wallets and Luggage",Fabric,1,1.52
"Bags, Wallets and Luggage",Cover Type,1,1.52
"Bags, Wallets and Luggage",Fixed Fit,1,1.52
"Bags, Wallets and Luggage",Support Design,1,1.52
"Bags, Wallets and Luggage",Recommended For,1,1.52
"Bags, Wallets and Luggage",Pattern,1,1.52
"Bags, Wallets and Luggage",Frame material,1,1.52
"Bags, Wallets and Luggage",Specific Uses For Product,1,1.52
"Bags, Wallets and Luggage",Finish Type,1,1.52
"Bags, Wallets and Luggage",Mounting Type,1,1.52
Beauty,Brand,14,93.33
Beauty,Material,13,86.67
Beauty,Product Dimensions,12,80.0
Beauty,Date First Available,12,80.0
Beauty,Manufacturer,12,80.0
Beauty,ASIN,12,80.0
Beauty,Country of Origin,12,80.0
Beauty,Item Weight,12,80.0
Beauty,Generic Name,12,80.0
Beauty,Best Sellers Rank,12,80.0
Beauty,Item model number,11,73.33
Beauty,Packer,11,73.33
Beauty,Item Dimensions LxWxH,11,73.33
Beauty,Net Quantity,11,73.33
Beauty,Customer Reviews,11,73.33
Beauty,Colour,10,66.67
Beauty,Importer,10,66.67
Beauty,Style,7,46.67
Beauty,Item dimensions L x W x H,5,33.33
Beauty,Age Range (Description),5,33.33
Beauty,Embellishment,5,33.33
Beauty,Theme,4,26.67
Beauty,Special Feature,3,20.0
Beauty,Item Form,3,20.0
Beauty,Bottle Type,3,20.0
Beauty,Capacity,3,20.0
Beauty,Hair Type,2,13.33
Beauty,Metal,1,6.67
Beauty,Small,1,6.67
Beauty,10,1,6.67
Beauty,Pearl,1,6.67
Beauty,Package Dimensions,1,6.67
Beauty,Towel form type,1,6.67
Beauty,Number of Items,1,6.67
Beauty,Item part number,1,6.67
Beauty,Department,1,6.67
Beauty,Included Components,1,6.67
Car & Motorbike,Brand,100,91.74
Car & Motorbike,Colour,93,85.32
Car & Motorbike,Material,66,60.55
Car & Motorbike,Product Dimensions,60,55.05
Car & Motorbike,Item Weight,37,33.94
Car & Motorbike,Customer Reviews,33,30.28
Car & Motorbike,Net Quantity,32,29.36
Car & Motorbike,Country of Origin,29,26.61
Car & Motorbike,Date First Available,28,25.69
Car & Motorbike,Manufacturer,28,25.69
Car & Motorbike,ASIN,28,25.69
Car & Motorbike,Best Sellers Rank,28,25.69
Car & Motorbike,Packer,27,24.77
Car & Motorbike,Item Dimensions LxWxH,27,24.77
Car & Motorbike,Generic Name,26,23.85
Car & Motorbike,Item model number,24,22.02
Car & Motorbike,Item dimensions L x W x H,22,20.18
Car & Motorbike,Item Form,19,17.43
Car & Motorbike,Vehicle Service Type,18,16.51
Car & Motorbike,Scent,17,15.6
Car & Motorbike,Special Feature,15,13.76
Car & Motorbike,Style,14,12.84
Car & Motorbike,Manufacturer Part Number,12,11.01
Car & Motorbike,Assembly Required,12,11.01
Car & Motorbike,Model,11,10.09
Car & Motorbike,Specific Uses For Product,10,9.17
Car & Motorbike,Size,9,8.26
Car & Motorbike,Importer,9,8.26
Car & Motorbike,Fit Type,9,8.26
Car & Motorbike,Shape,9,8.26
Car & Motorbike,Price,8,7.34
Car & Motorbike,Fill Material,7,6.42
Car & Motorbike,Towel form type,6,5.5
Car & Motorbike,Number of Items,6,5.5
Car & Motorbike,Age Range (Description),6,5.5
Car & Motorbike,Exterior Finish,6,5.5
Car & Motorbike,Recommended Uses For Product,5,4.59
Car & Motorbike,Included Components,5,4.59
Car & Motorbike,Material Feature,4,3.67
Car & Motorbike,Item Volume,4,3.67
Car & Motorbike,Position,4,3.67
Car & Motorbike,Item part number,4,3.67
Car & Motorbike,Handle Type,4,3.67
Car & Motorbike,NUMBER OF ITEMS,3,2.75
Car & Motorbike,USES,3,2.75
Car & Motorbike,DIFFERENT SIZE OPTIONS,3,2.75
Car & Motorbike,SURFACE RECOMMENDATION,3,2.75
Car & Motorbike,Handle Material,3,2.75
Car & Motorbike,Special Features,3,2.75
Car & Motorbike,Item shape,3,2.75
Car & Motorbike,Voltage,3,2.75
Car & Motorbike,Is Discontinued By Manufacturer,3,2.75
Car & Motorbike,Capacity,3,2.75
Car & Motorbike,Opening Mechanism,3,2.75
Car & Motorbike,Finish Type,3,2.75
Car & Motorbike,Theme,3,2.75
Car & Motorbike,Exterior,2,1.83
Car & Motorbike,Surface Recommendation,2,1.83
Car & Motorbike,Occasion,2,1.83
Car & Motorbike,QUANTITY/DIMENSIONS,1,0.92
Car & Motorbike,Grit Material,1,0.92
Car & Motorbike,Grit Type,1,0.92
Car & Motorbike,Application,1,0.92
Car & Motorbike,Package,1,0.92
Car & Motorbike,QUANTITY,1,0.92
Car & Motorbike,Head Material,1,0.92
Car & Motorbike,Number of Buttons,1,0.92
Car & Motorbike,Package Dimensions,1,0.92
Car & Motorbike,Lift Type,1,0.92
Car & Motorbike,Maximum Range,1,0.92
Car & Motorbike,Power Supply,1,0.92
Car & Motorbike,Types of Tyre Pressure,1,0.92
Car & Motorbike,Greatest Feature,1,0.92
Car & Motorbike,Cable Length,1,0.92
Car & Motorbike,Cordless,1,0.92
Car & Motorbike,Included in Box,1,0.92
Car & Motorbike,QUANTITY/DIMENSION,1,0.92
Car & Motorbike,Area Odor Remover Type,1,0.92
Car & Motorbike,Solar Powered,1,0.92
Car & Motorbike,Aroma Oil,1,0.92
Car & Motorbike,Installation,1,0.92
Car & Motorbike,Scent Duration,1,0.92
Car & Motorbike,Back Seat storage Trunk,1,0.92
Car & Motorbike,Car Trash Can Holder,1,0.92
Car & Motorbike,car mini car dustbin Foldable,1,0.92
Car & Motorbike,car Door Scratch Protector,1,0.92
Car & Motorbike,Magic Sponge,1,0.92
Car & Motorbike,Mounting Type,1,0.92
Car & Motorbike,Cartoon Character,1,0.92
Car & Motorbike,Description,1,0.92
Car & Motorbike,Scope of Application,1,0.92
Car & Motorbike,Decibel (dB),1,0.92
Car & Motorbike,Frequency (Hz),1,0.92
Car & Motorbike,Set/Single,1,0.92
Car & Motorbike,Package Information,1,0.92
Car & Motorbike,Liquid Volume,1,0.92
Car & Motorbike,Load Capacity,1,0.92
Car & Motorbike,Inner Material,1,0.92
Car & Motorbike,Outer Material,1,0.92
Car & Motorbike,Light Source Type,1,0.92
Car & Motorbike,Shaft height,1,0.92
Car & Motorbike,Material type,1,0.92
Car & Motorbike,Heel type,1,0.92
Car & Motorbike,Closure type,1,0.92
Car & Motorbike,Water resistance level,1,0.92
Car & Motorbike,Toe style,1,0.92
Car & Motorbike,Department,1,0.92
Car & Motorbike,Lock Type,1,0.92
Clothing & Accessories,Country of Origin,197,94.26
Clothing & Accessories,Fit type,149,71.29
Clothing & Accessories,Length,139,66.51
Clothing & Accessories,Material composition,134,64.11
Clothing & Accessories,Sleeve type,111,53.11
Clothing & Accessories,Collar style,101,48.33
Clothing & Accessories,Care instructions,99,47.37
Clothing & Accessories,Style,96,45.93
Clothing & Accessories,Material type,82,39.23
Clothing & Accessories,Pattern,74,35.41
Clothing & Accessories,Closure type,67,32.06
Clothing & Accessories,Neck style,58,27.75
Clothing & Accessories,Occasion type,34,16.27
Clothing & Accessories,Rise style,8,3.83
Clothing & Accessories,Number of items,8,3.83
Clothing & Accessories,Manufacturer,6,2.87
Clothing & Accessories,Outer material,3,1.44
Clothing & Accessories,Packer,2,0.96
Clothing & Accessories,Item Weight,2,0.96
Clothing & Accessories,Brand,2,0.96
Clothing & Accessories,Net Quantity,2,0.96
Clothing & Accessories,Material,2,0.96
Clothing & Accessories,Socks form,1,0.48
Clothing & Accessories,Sport,1,0.48
Clothing & Accessories,Band Width,1,0.48
Clothing & Accessories,Band Material Type,1,0.48
Clothing & Accessories,Bottom style,1,0.48
Clothing & Accessories,Sole Material,1,0.48
Clothing & Accessories,Cushioning,1,0.48
Clothing & Accessories,Shock Absorption,1,0.48
Clothing & Accessories,Breathability,1,0.48
Clothing & Accessories,Fit,1,0.48
Clothing & Accessories,Item type name,1,0.48
Clothing & Accessories,Sleeve cuff style,1,0.48
Clothing & Accessories,Sun protection,1,0.48
Clothing & Accessories,Customer Reviews,1,0.48
Clothing & Accessories,Price,1,0.48
Clothing & Accessories,Main Benefit,1,0.48
Clothing & Accessories,Suitable For,1,0.48
Clothing & Accessories,Adhesive Type,1,0.48
Clothing & Accessories,Breathable Design,1,0.48
Clothing & Accessories,Model number,1,0.48
Clothing & Accessories,Colour,1,0.48
Clothing & Accessories,Product Dimensions,1,0.48
Clothing & Accessories,Item model number,1,0.48
Clothing & Accessories,Item Height,1,0.48
Clothing & Accessories,Item Width,1,0.48
Clothing & Accessories,ASIN,1,0.48
Clothing & Accessories,Best Sellers Rank,1,0.48
Clothing & Accessories,Date First Available,1,0.48
Clothing & Accessories,Item Dimensions LxWxH,1,0.48
Clothing & Accessories,Generic Name,1,0.48
Computers & Accessories,Brand,116,95.87
Computers & Accessories,Colour,105,86.78
Computers & Accessories,Model Name,80,66.12
Computers & Accessories,Screen Size,80,66.12
Computers & Accessories,CPU Model,79,65.29
Computers & Accessories,Hard Disk Size,77,63.64
Computers & Accessories,RAM Memory Installed Size,77,63.64
Computers & Accessories,Form Factor,18,14.88
Computers & Accessories,Compatible Devices,16,13.22
Computers & Accessories,Ear Placement,14,11.57
Computers & Accessories,Impedance,11,9.09
Computers & Accessories,Special Feature,8,6.61
Computers & Accessories,Connector Type,6,4.96
Computers & Accessories,Compatible Phone Models,6,4.96
Computers & Accessories,Product Dimensions,5,4.13
Computers & Accessories,Customer Reviews,5,4.13
Computers & Accessories,Cable Type,5,4.13
Computers & Accessories,Material,4,3.31
Computers & Accessories,Country of Origin,4,3.31
Computers & Accessories,Item Weight,4,3.31
Computers & Accessories,Manufacturer,3,2.48
Computers & Accessories,ASIN,3,2.48
Computers & Accessories,Best Sellers Rank,3,2.48
Computers & Accessories,Date First Available,3,2.48
Computers & Accessories,Packer,3,2.48
Computers & Accessories,Importer,3,2.48
Computers & Accessories,Item Dimensions LxWxH,3,2.48
Computers & Accessories,Net Quantity,3,2.48
Computers & Accessories,Generic Name,3,2.48
Computers & Accessories,Hardware Interface,3,2.48
Computers & Accessories,Noise Control,3,2.48
Computers & Accessories,Closure Type,2,1.65
Computers & Accessories,Price,2,1.65
Computers & Accessories,Item Height,2,1.65
Computers & Accessories,Item Width,2,1.65
Computers & Accessories,Memory Storage Capacity,2,1.65
Computers & Accessories,Speaker Maximum Output Power,2,1.65
Computers & Accessories,Frequency Response,2,1.65
Computers & Accessories,Connectivity Technology,2,1.65
Computers & Accessories,Audio Output Mode,2,1.65
Computers & Accessories,Voyager Dopp Kit,1,0.83
Computers & Accessories,"Handcrafted with Love
Cotton Canvas, Unisex, Dual Compartment with Genuine Leather Pullers",1,0.83
Computers & Accessories,"Personal Care
Add to your style statement and leave a mark wherever your voyage takes you.",1,0.83
Computers & Accessories,Product Type,1,0.83
Computers & Accessories,Primary Use,1,0.83
Computers & Accessories,Pocket Dimensions,1,0.83
Computers & Accessories,Storage Items,1,0.83
Computers & Accessories,Additional Uses,1,0.83
Computers & Accessories,Attachment Type,1,0.83
Computers & Accessories,Portability,1,0.83
Computers & Accessories,Suitable For,1,0.83
Computers & Accessories,Gender,1,0.83
Computers & Accessories,Size L x W x H cm,1,0.83
Computers & Accessories,Multi-colour Available,1,0.83
Computers & Accessories,Water-resistant,1,0.83
Computers & Accessories,Hand Strap,1,0.83
Computers & Accessories,Double-layer Design,1,0.83
Computers & Accessories,Standing screen display size,1,0.83
Computers & Accessories,Item model number,1,0.83
Computers & Accessories,Are Batteries Included,1,0.83
Computers & Accessories,Included Components,1,0.83
Computers & Accessories,Number of items,1,0.83
Computers & Accessories,Batteries Required,1,0.83
Computers & Accessories,Care instructions,1,0.83
Computers & Accessories,Shell Type,1,0.83
Computers & Accessories,Item Hardness,1,0.83
Computers & Accessories,Compatibility,1,0.83
Computers & Accessories,Color,1,0.83
Computers & Accessories,Foldable,1,0.83
Computers & Accessories,Angle Adjustable,1,0.83
Computers & Accessories,Rotate Design,1,0.83
Computers & Accessories,Height Adjustable,1,0.83
Computers & Accessories,Specific Uses For Product,1,0.83
Computers & Accessories,Item dimensions L x W x H,1,0.83
Computers & Accessories,Display Resolution Maximum,1,0.83
Computers & Accessories,UPC,1,0.83
Computers & Accessories,Operating System,1,0.83
Computers & Accessories,CPU Speed,1,0.83
Computers & Accessories,Graphics Card Description,1,0.83
Electronics,Brand,749,89.17
Electronics,Operating System,388,46.19
Electronics,RAM Memory Installed Size,364,43.33
Electronics,CPU Model,308,36.67
Electronics,CPU Speed,297,35.36
Electronics,Colour,213,25.36
Electronics,Connectivity Technology,196,23.33
Electronics,Form Factor,166,19.76
Electronics,Ear Placement,151,17.98
Electronics,Audio Output Mode,144,17.14
Electronics,Speaker Maximum Output Power,139,16.55
Electronics,Memory Storage Capacity,104,12.38
Electronics,Impedance,98,11.67
Electronics,Frequency Response,96,11.43
Electronics,Special Feature,56,6.67
Electronics,Mounting Type,52,6.19
Electronics,Noise Control,45,5.36
Electronics,Screen Size,43,5.12
Electronics,Compatible Devices,42,5.0
Electronics,Battery Capacity,31,3.69
Electronics,Display Type,30,3.57
Electronics,Compatible Phone Models,28,3.33
Electronics,Display Size,26,3.1
Electronics,Brightness,22,2.62
Electronics,Heart Rate Monitoring,22,2.62
Electronics,Wireless Communication Standard,21,2.5
Electronics,Bluetooth Calling,21,2.5
Electronics,Item Weight,20,2.38
Electronics,Connector Type,19,2.26
Electronics,Model Name,19,2.26
Electronics,Item dimensions L x W x H,18,2.14
Electronics,Input Voltage,18,2.14
Electronics,GPS,16,1.9
Electronics,Battery Life,14,1.67
Electronics,Included Components,13,1.55
Electronics,Water Resistance,13,1.55
Electronics,Sports Modes,13,1.55
Electronics,Display Resolution,13,1.55
Electronics,SpO2 Monitoring,13,1.55
Electronics,Companion App,12,1.43
Electronics,Headphones Jack,12,1.43
Electronics,Recommended Uses For Product,11,1.31
Electronics,Display resolution,11,1.31
Electronics,Product Dimensions,10,1.19
Electronics,Customer Reviews,10,1.19
Electronics,Gender,10,1.19
Electronics,Touchscreen,10,1.19
Electronics,Navigation Control,10,1.19
Electronics,Sleep Tracking,10,1.19
Electronics,Material,9,1.07
Electronics,Battery Cell Composition,9,1.07
Electronics,Notifications,9,1.07
Electronics,Stress Monitoring,9,1.07
Electronics,ASIN,8,0.95
Electronics,Watch Faces,8,0.95
Electronics,Alarm,8,0.95
Electronics,Android Compatibility,8,0.95
Electronics,Step Tracking,8,0.95
Electronics,SOS Button,8,0.95
Electronics,Net Quantity,7,0.83
Electronics,Always-On Display,7,0.83
Electronics,Weather,7,0.83
Electronics,Case Material,7,0.83
Electronics,Dial Pad,7,0.83
Electronics,Manufacturer,6,0.71
Electronics,Item model number,6,0.71
Electronics,Country of Origin,6,0.71
Electronics,Best Sellers Rank,6,0.71
Electronics,Packer,6,0.71
Electronics,Importer,6,0.71
Electronics,Generic Name,6,0.71
Electronics,Number of Items,6,0.71
Electronics,Voice Assistant,6,0.71
Electronics,Charging,6,0.71
Electronics,Do Not Disturb,6,0.71
Electronics,iOS Compatibility,6,0.71
Electronics,Item Dimensions LxWxH,5,0.6
Electronics,Compatible Mountings,5,0.6
Electronics,Aspect Ratio,5,0.6
Electronics,Photo Sensor Technology,5,0.6
Electronics,Supported File Format,5,0.6
Electronics,Image Stabilisation,5,0.6
Electronics,Price,5,0.6
Electronics,Case Shape,5,0.6
Electronics,Breathing Exercises,5,0.6
Electronics,Music Control,5,0.6
Electronics,Date First Available,4,0.48
Electronics,Stopwatch,4,0.48
Electronics,Timer,4,0.48
Electronics,Calorie Tracking,4,0.48
Electronics,Hydration Reminders,4,0.48
Electronics,Camera Control,4,0.48
Electronics,Calendar,4,0.48
Electronics,Calculator,4,0.48
Electronics,Hardware Interface,3,0.36
Electronics,Shell Type,3,0.36
Electronics,Specific Uses For Product,3,0.36
Electronics,Wattage,3,0.36
Electronics,Connectivity,3,0.36
Electronics,Shape,3,0.36
Electronics,Closure Type,3,0.36
Electronics,Blood Pressure Monitoring,3,0.36
Electronics,AI Features,3,0.36
Electronics,Video Calling,3,0.36
Electronics,Menstrual/Ovulation Tracking,3,0.36
Electronics,Sedentary Alerts,3,0.36
Electronics,SMS,3,0.36
Electronics,Supported Networks,3,0.36
Electronics,Class Mode,3,0.36
Electronics,Find Phone,3,0.36
Electronics,Cellular Technology,3,0.36
Electronics,Model,2,0.24
Electronics,Mounting Hardware,2,0.24
Electronics,Number of items,2,0.24
Electronics,Batteries Included,2,0.24
Electronics,Batteries Required,2,0.24
Electronics,Resolution,2,0.24
Electronics,Grip Type,2,0.24
Electronics,Total USB Ports,2,0.24
Electronics,Features,2,0.24
Electronics,Plug Type,2,0.24
Electronics,Warranty,2,0.24
Electronics,Product Type,2,0.24
Electronics,Batteries,2,0.24
Electronics,Special Features,2,0.24
Electronics,Processor,2,0.24
Electronics,Irregular Heart Rate Monitoring,2,0.24
Electronics,Vascular Health Monitoring,2,0.24
Electronics,Energy Score,2,0.24
Electronics,Glass Material,2,0.24
Electronics,Case Thickness,2,0.24
Electronics,Location Tracking,2,0.24
Electronics,SIM Type,2,0.24
Electronics,Safe Zone Alerts,2,0.24
Electronics,Contacts,2,0.24
Electronics,Strap Material,2,0.24
Electronics,Network,2,0.24
Electronics,Remote Monitoring,2,0.24
Electronics,Parental Controls,2,0.24
Electronics,Bezel Material,2,0.24
Electronics,Network Service Provider,2,0.24
Electronics,RAM Memory Installed,2,0.24
Electronics,Brand Name,2,0.24
Electronics,Unit Count,2,0.24
Electronics,Series,1,0.12
Electronics,Item Height,1,0.12
Electronics,Item Width,1,0.12
Electronics,Are Batteries Included,1,0.12
Electronics,Liquid Volume,1,0.12
Electronics,Item Hardness,1,0.12
Electronics,Compatible Shoe Mount Type,1,0.12
Electronics,Buds N1,1,0.12
Electronics,"Buds Finish
Chrome Finish",1,0.12
Electronics,"Playtime
40 hours",1,0.12
Electronics,"Noise Control
Quad Mic ENC",1,0.12
Electronics,"Instacharge
10 min=120 min",1,0.12
Electronics,"Dual Pairing
No",1,0.12
Electronics,Optical Engine,1,0.12
Electronics,Projection Size,1,0.12
Electronics,Image Correction,1,0.12
Electronics,Focus,1,0.12
Electronics,System,1,0.12
Electronics,Cable Type,1,0.12
Electronics,No. of Ports,1,0.12
Electronics,Type-C,1,0.12
Electronics,USB-A,1,0.12
Electronics,Type-C Cable,1,0.12
Electronics,Output Current,1,0.12
Electronics,Voltage,1,0.12
Electronics,Output Wattage,1,0.12
Electronics,Battery Capacity (mAh),1,0.12
Electronics,Compatibility,1,0.12
Electronics,Total Power Outlets,1,0.12
Electronics,Number of Batteries,1,0.12
Electronics,Socket Type:,1,0.12
Electronics,Plug Type:,1,0.12
Electronics,USB Ports:,1,0.12
Electronics,MAX USB Power (Combined):,1,0.12
Electronics,Fast Charge (SmartVoltage):,1,0.12
Electronics,Surge Protection:,1,0.12
Electronics,DEVICE,1,0.12
Electronics,PRICE,1,0.12
Electronics,RATINGS,1,0.12
Electronics,CASE SIZE,1,0.12
Electronics,DISPLAY,1,0.12
Electronics,PROCESSOR,1,0.12
Electronics,OPTICAL HEART SENSOR,1,0.12
Electronics,DIGITAL CROWN,1,0.12
Electronics,ALIMETER,1,0.12
Electronics,SPEAKER,1,0.12
Electronics,FALL DETECTION,1,0.12
Electronics,COMPASS,1,0.12
Electronics,NOISE MONITORING,1,0.12
Electronics,BLOOD OXYGEN SENSOR (BLOOD OXYGEN APP),1,0.12
Electronics,ELECTRICAL HEART SENSOR (ECG APP),1,0.12
Electronics,CAPACITY,1,0.12
Electronics,BLUETOOTH,1,0.12
Electronics,Case Size,1,0.12
Electronics,In the Box,1,0.12
Electronics,Power,1,0.12
Electronics,Width,1,0.12
Electronics,Depth,1,0.12
Electronics,Package Dimensions,1,0.12
Electronics,Display Technology,1,0.12
Electronics,Standing screen display size,1,0.12
Electronics,Battery Average Life,1,0.12
Electronics,Battery cell composition,1,0.12
Electronics,Battery Power Rating,1,0.12
Electronics,Wireless Type,1,0.12
Electronics,Device interface - primary,1,0.12
Electronics,Includes Rechargeable Battery,1,0.12
Electronics,AMOLED Display,1,0.12
Electronics,Smart Dock Design,1,0.12
Electronics,Emergency SOS Tech,1,0.12
Electronics,DIY Watch Faces,1,0.12
Electronics,Emoji Support,1,0.12
Electronics,Voice Chat,1,0.12
Electronics,Location History,1,0.12
Electronics,Raise to Wake,1,0.12
Electronics,Calling,1,0.12
Electronics,Geofencing,1,0.12
Electronics,Jio SIM Support,1,0.12
Electronics,Remote Shutdown,1,0.12
Electronics,Background Audio Monitoring,1,0.12
Electronics,Navigation,1,0.12
Electronics,Navigation Service,1,0.12
Electronics,Call Notifications,1,0.12
Electronics,Activity Tracking,1,0.12
Electronics,Durability,1,0.12
Electronics,Water Resistance Depth,1,0.12
Electronics,Operating Temperature,1,0.12
Electronics,GPS Satellites,1,0.12
Electronics,Sensors,1,0.12
Electronics,Network Connectivity Technology,1,0.12
Electronics,Refresh Rate,1,0.12
Electronics,Speaker Amplification Type,1,0.12
Electronics,Size,1,0.12
Electronics,Battery Type,1,0.12
Health & Personal Care,Brand,18,100.0
Health & Personal Care,Net Quantity,14,77.78
Health & Personal Care,Special Feature,8,44.44
Health & Personal Care,Item Form,8,44.44
Health & Personal Care,Sheet Count,8,44.44
Health & Personal Care,Ply Rating,8,44.44
Health & Personal Care,Recommended Uses For Product,8,44.44
Health & Personal Care,Material Feature,7,38.89
Health & Personal Care,Scent,7,38.89
Health & Personal Care,Specific Uses For Product,6,33.33
Health & Personal Care,Item Volume,5,27.78
Health & Personal Care,Colour,4,22.22
Health & Personal Care,Material,3,16.67
Health & Personal Care,ASIN,2,11.11
Health & Personal Care,Country of Origin,2,11.11
Health & Personal Care,Item Weight,2,11.11
Health & Personal Care,Best Sellers Rank,2,11.11
Health & Personal Care,Customer Reviews,2,11.11
Health & Personal Care,Surface Recommendation,2,11.11
Health & Personal Care,Size,2,11.11
Health & Personal Care,Age Range (Description),1,5.56
Health & Personal Care,Product Dimensions,1,5.56
Health & Personal Care,Date First Available,1,5.56
Health & Personal Care,Manufacturer,1,5.56
Health & Personal Care,Item model number,1,5.56
Health & Personal Care,Packer,1,5.56
Health & Personal Care,Importer,1,5.56
Health & Personal Care,Item Dimensions LxWxH,1,5.56
Health & Personal Care,Generic Name,1,5.56
Health & Personal Care,Liquid Volume,1,5.56
Health & Personal Care,Active Ingredients,1,5.56
Health & Personal Care,Package Information,1,5.56
Health & Personal Care,Number of Items,1,5.56
Health & Personal Care,Container Type,1,5.56
Health & Personal Care,Unit Count,1,5.56
Health & Personal Care,Brand Name,1,5.56
Health & Personal Care,Is Microwaveable,1,5.56
Home & Kitchen,Brand,193,91.47
Home & Kitchen,Colour,167,79.15
Home & Kitchen,Material,146,69.19
Home & Kitchen,Product Dimensions,95,45.02
Home & Kitchen,Item Weight,66,31.28
Home & Kitchen,Special Feature,59,27.96
Home & Kitchen,Capacity,46,21.8
Home & Kitchen,Recommended Uses For Product,43,20.38
Home & Kitchen,Style,35,16.59
Home & Kitchen,Size,30,14.22
Home & Kitchen,Construction Type,28,13.27
Home & Kitchen,Weave Type,22,10.43
Home & Kitchen,Pile Height,19,9.0
Home & Kitchen,Finish Type,18,8.53
Home & Kitchen,Shape,17,8.06
Home & Kitchen,Material Feature,17,8.06
Home & Kitchen,Net Quantity,17,8.06
Home & Kitchen,Display Type,16,7.58
Home & Kitchen,Mounting Type,12,5.69
Home & Kitchen,Power Source,12,5.69
Home & Kitchen,Manufacturer,11,5.21
Home & Kitchen,Number of Items,11,5.21
Home & Kitchen,Blade Material,10,4.74
Home & Kitchen,Weight Limit,9,4.27
Home & Kitchen,ASIN,9,4.27
Home & Kitchen,Packer,9,4.27
Home & Kitchen,Included Components,9,4.27
Home & Kitchen,Country of Origin,8,3.79
Home & Kitchen,Item Dimensions LxWxH,8,3.79
Home & Kitchen,Generic Name,8,3.79
Home & Kitchen,Best Sellers Rank,8,3.79
Home & Kitchen,Bottle Type,8,3.79
Home & Kitchen,Opening Mechanism,8,3.79
Home & Kitchen,Room Type,8,3.79
Home & Kitchen,Specific Uses For Product,7,3.32
Home & Kitchen,Item model number,7,3.32
Home & Kitchen,Shelf Type,7,3.32
Home & Kitchen,Handle Material,7,3.32
Home & Kitchen,Customer Reviews,6,2.84
Home & Kitchen,Importer,6,2.84
Home & Kitchen,Electric fan design,6,2.84
Home & Kitchen,Date First Available,5,2.37
Home & Kitchen,Blade Edge,5,2.37
Home & Kitchen,Blade Length,5,2.37
Home & Kitchen,Theme,5,2.37
Home & Kitchen,Bulb Base,5,2.37
Home & Kitchen,Wattage,4,1.9
Home & Kitchen,Base Material,4,1.9
Home & Kitchen,Lamp Type,4,1.9
Home & Kitchen,Number of Sets,3,1.42
Home & Kitchen,Product Care Instructions,3,1.42
Home & Kitchen,Shade Colour,3,1.42
Home & Kitchen,Frame Material,3,1.42
Home & Kitchen,Number of Pieces,2,0.95
Home & Kitchen,Indoor/Outdoor Usage,2,0.95
Home & Kitchen,Towel form type,2,0.95
Home & Kitchen,Orientation,2,0.95
Home & Kitchen,Closure Type,2,0.95
Home & Kitchen,Number of Shelves,2,0.95
Home & Kitchen,Light fixture form,2,0.95
Home & Kitchen,Furniture Finish,2,0.95
Home & Kitchen,Light Type,2,0.95
Home & Kitchen,Bulb Shape Size,2,0.95
Home & Kitchen,Incandescent Equivalent Wattage,2,0.95
Home & Kitchen,Sheet Count,2,0.95
Home & Kitchen,Item dimensions L x W x H,2,0.95
Home & Kitchen,Back Style,1,0.47
Home & Kitchen,Price,1,0.47
Home & Kitchen,Easy Installation,1,0.47
Home & Kitchen,Batteries,1,0.47
Home & Kitchen,Batteries Included,1,0.47
Home & Kitchen,Material Type,1,0.47
Home & Kitchen,Fuel Type,1,0.47
Home & Kitchen,Scent,1,0.47
Home & Kitchen,OS,1,0.47
Home & Kitchen,Model Name,1,0.47
Home & Kitchen,Age Range (Description),1,0.47
Home & Kitchen,Coffee Maker Type,1,0.47
Home & Kitchen,Bowl Capacity,1,0.47
Home & Kitchen,Operation Mode,1,0.47
Home & Kitchen,Is Electric,1,0.47
Home & Kitchen,Number Of Discs,1,0.47
Home & Kitchen,Controls Type,1,0.47
Home & Kitchen,Model,1,0.47
Home & Kitchen,Manufacturer Part Number,1,0.47
Home & Kitchen,Special Features,1,0.47
Home & Kitchen,Is Dishwasher Safe,1,0.47
Home & Kitchen,Seat Material Type,1,0.47
Home & Kitchen,Switch Type,1,0.47
Home & Kitchen,Back Material Type,1,0.47
Home & Kitchen,Occasion,1,0.47
Home & Kitchen,Model number,1,0.47
Home & Kitchen,Number of Memory Sticks,1,0.47
Home & Kitchen,Item Height,1,0.47
Home & Kitchen,Item Width,1,0.47
Home & Kitchen,Are batteries included?,1,0.47
Home & Kitchen,Ply Rating,1,0.47
Home & Kitchen,Tray Type,1,0.47
Home & Kitchen,Item Diameter,1,0.47
Home & Kitchen,Item Form,1,0.47
Home & Kitchen,Grit Type,1,0.47
Home Improvement,Brand,62,75.61
Home Improvement,Material,62,75.61
Home Improvement,Colour,61,74.39
Home Improvement,Product Dimensions,41,50.0
Home Improvement,Special Feature,30,36.59
Home Improvement,Finish Type,14,17.07
Home Improvement,Number of Items,14,17.07
Home Improvement,Mounting Type,12,14.63
Home Improvement,Towel form type,12,14.63
Home Improvement,Shelf Type,11,13.41
Home Improvement,Room Type,10,12.2
Home Improvement,Number of Shelves,10,12.2
Home Improvement,Recommended Uses For Product,10,12.2
Home Improvement,Size,9,10.98
Home Improvement,Item Weight,9,10.98
Home Improvement,Net Quantity,8,9.76
Home Improvement,Surface Recommendation,7,8.54
Home Improvement,Handle Material,7,8.54
Home Improvement,Manufacturer,6,7.32
Home Improvement,Light Source Type,4,4.88
Home Improvement,Power Source,4,4.88
Home Improvement,Head Material,4,4.88
Home Improvement,Sheet Count,4,4.88
Home Improvement,Included Components,4,4.88
Home Improvement,Shape,3,3.66
Home Improvement,Handle Type,3,3.66
Home Improvement,Item model number,3,3.66
Home Improvement,ASIN,3,3.66
Home Improvement,Packer,3,3.66
Home Improvement,Importer,3,3.66
Home Improvement,Item Dimensions LxWxH,3,3.66
Home Improvement,Generic Name,3,3.66
Home Improvement,Best Sellers Rank,3,3.66
Home Improvement,Thread Size,3,3.66
Home Improvement,Specific Uses For Product,3,3.66
Home Improvement,Installation Type,2,2.44
Home Improvement,Capacity,2,2.44
Home Improvement,Style,2,2.44
Home Improvement,Ply Rating,2,2.44
Home Improvement,Number of Packs,2,2.44
Home Improvement,Number of Handles,2,2.44
Home Improvement,Specification Met,2,2.44
Home Improvement,Country of Origin,2,2.44
Home Improvement,Number of Pieces,1,1.22
Home Improvement,Customer Reviews,1,1.22
Home Improvement,Price,1,1.22
Home Improvement,Durable,1,1.22
Home Improvement,Fittings Included,1,1.22
Home Improvement,Rust Proof,1,1.22
Home Improvement,Lock Type,1,1.22
Home Improvement,Model Name,1,1.22
Home Improvement,UPC,1,1.22
Home Improvement,Thread Pitch,1,1.22
Home Improvement,Blade Material,1,1.22
Home Improvement,Material Type Free,1,1.22
Home Improvement,Compatible Devices,1,1.22
Home Improvement,Imported By,1,1.22
Home Improvement,Package Information,1,1.22
Home Improvement,Item Form,1,1.22
Industrial & Scientific,Brand,10,90.91
Industrial & Scientific,Colour,9,81.82
Industrial & Scientific,Product Dimensions,7,63.64
Industrial & Scientific,Item Weight,6,54.55
Industrial & Scientific,Special Feature,5,45.45
Industrial & Scientific,Customer Reviews,4,36.36
Industrial & Scientific,Manufacturer,4,36.36
Industrial & Scientific,Country of Origin,4,36.36
Industrial & Scientific,Model number,4,36.36
Industrial & Scientific,Number of Memory Sticks,4,36.36
Industrial & Scientific,Item model number,4,36.36
Industrial & Scientific,Item Height,4,36.36
Industrial & Scientific,Item Width,4,36.36
Industrial & Scientific,Included Components,4,36.36
Industrial & Scientific,ASIN,4,36.36
Industrial & Scientific,Best Sellers Rank,4,36.36
Industrial & Scientific,Date First Available,4,36.36
Industrial & Scientific,Packer,4,36.36
Industrial & Scientific,Item Dimensions LxWxH,4,36.36
Industrial & Scientific,Net Quantity,4,36.36
Industrial & Scientific,Material,4,36.36
Industrial & Scientific,Generic Name,3,27.27
Industrial & Scientific,Importer,2,18.18
Industrial & Scientific,Power Source,2,18.18
Industrial & Scientific,Price,1,9.09
Industrial & Scientific,Operating Voltage,1,9.09
Industrial & Scientific,Application,1,9.09
Industrial & Scientific,Automation Use,1,9.09
Industrial & Scientific,Color / Output,1,9.09
Industrial & Scientific,Display,1,9.09
Industrial & Scientific,Specific Product Use,1,9.09
Industrial & Scientific,Are batteries included?,1,9.09
Industrial & Scientific,Battery type,1,9.09
Industrial & Scientific,Age Range (Description),1,9.09
Industrial & Scientific,Shelf Type,1,9.09
Industrial & Scientific,Outer Material,1,9.09
Industrial & Scientific,Product Care Instructions,1,9.09
Industrial & Scientific,Shape,1,9.09
Industrial & Scientific,Fill Material,1,9.09
Industrial & Scientific,Size,1,9.09
Industrial & Scientific,Sheet Count,1,9.09
Industrial & Scientific,Ply Rating,1,9.09
Industrial & Scientific,Recommended Uses For Product,1,9.09
Industrial & Scientific,Style,1,9.09
Industrial & Scientific,Item dimensions L x W x H,1,9.09
Jewellery,Country of Origin,15,93.75
Jewellery,Material type,15,93.75
Jewellery,Metal type,13,81.25
Jewellery,Gem type,13,81.25
Jewellery,Clasp type,12,75.0
Jewellery,Occasion type,12,75.0
Jewellery,Chain type,8,50.0
Jewellery,Size,4,25.0
Jewellery,Item type name,3,18.75
Jewellery,Brand,1,6.25
Jewellery,Colour,1,6.25
Jewellery,Age Range (Description),1,6.25
Jewellery,Style,1,6.25
Jewellery,Embellishment,1,6.25
Jewellery,Material,1,6.25
Jewellery,Theme,1,6.25
Jewellery,Customer Reviews,1,6.25
Jewellery,Price,1,6.25
Jewellery,Sturdy Grip,1,6.25
Jewellery,Easy to Wear,1,6.25
Jewellery,Cute and Stylish,1,6.25
Jewellery,Soft and Durable,1,6.25
Jewellery,Gift Ready Packaging,1,6.25
Jewellery,Assorted Hair Accessories,1,6.25
Jewellery,Product Dimensions,1,6.25
Jewellery,Date First Available,1,6.25
Jewellery,Manufacturer,1,6.25
Jewellery,ASIN,1,6.25
Jewellery,Item part number,1,6.25
Jewellery,Packer,1,6.25
Jewellery,Importer,1,6.25
Jewellery,Item Weight,1,6.25
Jewellery,Item Dimensions LxWxH,1,6.25
Jewellery,Net Quantity,1,6.25
Jewellery,Generic Name,1,6.25
Jewellery,Best Sellers Rank,1,6.25
Jewellery,Collection,1,6.25
Jewellery,Ring size,1,6.25
Musical Instruments,Colour,4,100.0
Musical Instruments,Brand,4,100.0
Musical Instruments,Ear Placement,2,50.0
Musical Instruments,Form Factor,2,50.0
Musical Instruments,Impedance,2,50.0
Musical Instruments,Material,1,25.0
Musical Instruments,Mounting Type,1,25.0
Musical Instruments,Style,1,25.0
Musical Instruments,Weight Limit,1,25.0
Musical Instruments,Special Feature,1,25.0
Musical Instruments,Recommended Uses For Product,1,25.0
Musical Instruments,Item dimensions L x W x H,1,25.0
Musical Instruments,Connectivity Technology,1,25.0
Musical Instruments,Compatible Devices,1,25.0
Occupational Health & Safety Products,Brand,1,100.0
Occupational Health & Safety Products,Colour,1,100.0
Occupational Health & Safety Products,Product Benefits,1,100.0
Occupational Health & Safety Products,Use for,1,100.0
Occupational Health & Safety Products,Material,1,100.0
Occupational Health & Safety Products,Item Form,1,100.0
Occupational Health & Safety Products,Special Feature,1,100.0
Occupational Health & Safety Products,Net Quantity,1,100.0
Office Products,Brand,8,100.0
Office Products,Material,7,87.5
Office Products,Colour,7,87.5
Office Products,Special Feature,5,62.5
Office Products,Finish Type,4,50.0
Office Products,Specific Uses For Product,3,37.5
Office Products,Product Dimensions,3,37.5
Office Products,Item Weight,3,37.5
Office Products,Connectivity Technology,1,12.5
Office Products,Pressure Sensitivity,1,12.5
Office Products,Operating System,1,12.5
Office Products,Compatible Devices,1,12.5
Office Products,Manufacturer,1,12.5
Office Products,Model,1,12.5
Office Products,Batteries,1,12.5
Office Products,Item model number,1,12.5
Office Products,Manufacturer Part Number,1,12.5
Office Products,Assembly Required,1,12.5
Office Products,Special Features,1,12.5
Office Products,Voltage,1,12.5
Office Products,Wattage,1,12.5
Office Products,Country of Origin,1,12.5
Office Products,ASIN,1,12.5
Office Products,Customer Reviews,1,12.5
Office Products,Best Sellers Rank,1,12.5
Office Products,Date First Available,1,12.5
Office Products,Packer,1,12.5
Office Products,Importer,1,12.5
Office Products,Item Dimensions LxWxH,1,12.5
Office Products,Net Quantity,1,12.5
Office Products,Generic Name,1,12.5
Office Products,Blade Material,1,12.5
Office Products,Size,1,12.5
Outdoor Living,Brand,5,100.0
Outdoor Living,Item Form,3,60.0
Outdoor Living,Item Weight,3,60.0
Outdoor Living,Colour,2,40.0
Outdoor Living,Product Dimensions,2,40.0
Outdoor Living,Liquid Volume,2,40.0
Outdoor Living,Outer Material,1,20.0
Outdoor Living,Product Care Instructions,1,20.0
Outdoor Living,Shape,1,20.0
Outdoor Living,Fill Material,1,20.0
Outdoor Living,Scent,1,20.0
Outdoor Living,Item Volume,1,20.0
Outdoor Living,Material Feature,1,20.0
Outdoor Living,Net Quantity,1,20.0
Outdoor Living,Material,1,20.0
Outdoor Living,Target Species,1,20.0
Shoes & Handbags,Closure type,232,96.27
Shoes & Handbags,Heel type,232,96.27
Shoes & Handbags,Water resistance level,229,95.02
Shoes & Handbags,Style,229,95.02
Shoes & Handbags,Country of Origin,217,90.04
Shoes & Handbags,Sole material,212,87.97
Shoes & Handbags,Material type,208,86.31
Shoes & Handbags,Manufacturer,35,14.52
Shoes & Handbags,Outer material,33,13.69
Shoes & Handbags,Packer,6,2.49
Shoes & Handbags,Weight,5,2.07
Shoes & Handbags,Best for,4,1.66
Shoes & Handbags,Product Type,4,1.66
Shoes & Handbags,Upper Material,4,1.66
Shoes & Handbags,Shaft height,3,1.24
Shoes & Handbags,Toe style,3,1.24
Shoes & Handbags,Item Weight,2,0.83
Shoes & Handbags,Strap type,2,0.83
Shoes & Handbags,Care instructions,2,0.83
Shoes & Handbags,Intended Use,2,0.83
Shoes & Handbags,Inner material,2,0.83
Shoes & Handbags,Net Quantity,1,0.41
Shoes & Handbags,Importer,1,0.41
Shoes & Handbags,Sock Liner,1,0.41
Shoes & Handbags,Insole,1,0.41
Shoes & Handbags,Toe Support,1,0.41
Shoes & Handbags,Outsole,1,0.41
Shoes & Handbags,Grip,1,0.41
Shoes & Handbags,Breathability,1,0.41
Shoes & Handbags,Cushioning Technology,1,0.41
Shoes & Handbags,Midsole,1,0.41
Shoes & Handbags,Heel Support,1,0.41
Shoes & Handbags,Stability,1,0.41
Shoes & Handbags,Material composition,1,0.41
Shoes & Handbags,Gender,1,0.41
Shoes & Handbags,Construction,1,0.41
Shoes & Handbags,Liner,1,0.41
Shoes & Handbags,Closure Type,1,0.41
Shoes & Handbags,Traction,1,0.41
Shoes & Handbags,Fit,1,0.41
Shoes & Handbags,Cushion,1,0.41
"Sports, Fitness & Outdoors",Brand,7,70.0
"Sports, Fitness & Outdoors",Colour,6,60.0
"Sports, Fitness & Outdoors",Material,6,60.0
"Sports, Fitness & Outdoors",Item Weight,3,30.0
"Sports, Fitness & Outdoors",Country of Origin,3,30.0
"Sports, Fitness & Outdoors",Style,2,20.0
"Sports, Fitness & Outdoors",Net Quantity,2,20.0
"Sports, Fitness & Outdoors",Manufacturer,2,20.0
"Sports, Fitness & Outdoors",Care instructions,2,20.0
"Sports, Fitness & Outdoors",Size,1,10.0
"Sports, Fitness & Outdoors",Special Feature,1,10.0
"Sports, Fitness & Outdoors",Lock Type,1,10.0
"Sports, Fitness & Outdoors",Item dimensions L x W x H,1,10.0
"Sports, Fitness & Outdoors",Light Source Type,1,10.0
"Sports, Fitness & Outdoors",Specific Uses For Product,1,10.0
"Sports, Fitness & Outdoors",Item Package Quantity,1,10.0
"Sports, Fitness & Outdoors",Product Dimensions,1,10.0
"Sports, Fitness & Outdoors",Department,1,10.0
"Sports, Fitness & Outdoors",Item model number,1,10.0
"Sports, Fitness & Outdoors",ASIN,1,10.0
"Sports, Fitness & Outdoors",Packer,1,10.0
"Sports, Fitness & Outdoors",Item Dimensions LxWxH,1,10.0
"Sports, Fitness & Outdoors",Generic Name,1,10.0
"Sports, Fitness & Outdoors",Best Sellers Rank,1,10.0
"Sports, Fitness & Outdoors",Product Type,1,10.0
"Sports, Fitness & Outdoors",Battery Type,1,10.0
"Sports, Fitness & Outdoors",Display,1,10.0
"Sports, Fitness & Outdoors",Timing Accuracy,1,10.0
"Sports, Fitness & Outdoors",Functions,1,10.0
"Sports, Fitness & Outdoors",Sports Use,1,10.0
"Sports, Fitness & Outdoors",Dimensions,1,10.0
"Sports, Fitness & Outdoors",Frame Type,1,10.0
"Sports, Fitness & Outdoors",Frame Material,1,10.0
Toys & Games,Size,2,50.0
Toys & Games,Brand,2,50.0
Toys & Games,Theme,2,50.0
Toys & Games,Age Range (Description),2,50.0
Toys & Games,Toy Type,1,25.0
Toys & Games,Sound Effects,1,25.0
Toys & Games,Battery Operated,1,25.0
Toys & Games,Material,1,25.0
Toys & Games,Item Weight,1,25.0
Toys & Games,Item dimensions L x W x H,1,25.0
Toys & Games,Battery Capacity,1,25.0
Toys & Games,Charging,1,25.0
Toys & Games,Speed Modes,1,25.0
Toys & Games,Recommended Age,1,25.0
Video Games,Brand,1,100.0
Video Games,Colour,1,100.0
Video Games,Ear Placement,1,100.0
Video Games,Form Factor,1,100.0
Video Games,Impedance,1,100.0
Watches,Case diameter,149,75.25
Watches,Band colour,149,75.25
Watches,Watch movement type,149,75.25
Watches,Band material type,148,74.75
Watches,Item weight,143,72.22
Watches,Warranty type,141,71.21
Watches,Country of Origin,127,64.14
Watches,Product Type,39,19.7
Watches,Strap Material,23,11.62
Watches,Dial Color,22,11.11
Watches,Display Type,20,10.1
Watches,Water Resistance,20,10.1
Watches,Occasion,17,8.59
Watches,Strap Color,16,8.08
Watches,Movement,14,7.07
Watches,Case/Strap Material,12,6.06
Watches,Case thickness,12,6.06
Watches,Gender,11,5.56
Watches,Case Material,9,4.55
Watches,Style,7,3.54
Watches,Band Color,6,3.03
Watches,Watch Display Type,6,3.03
Watches,Manufacturer,6,3.03
Watches,Crystal,5,2.53
Watches,Design,5,2.53
Watches,Band Material,5,2.53
Watches,Case Shape,5,2.53
Watches,Watch Movement Type,5,2.53
Watches,Case Diameter,5,2.53
Watches,Water Resistance Depth,5,2.53
Watches,Date Display,5,2.53
Watches,Closure Type,4,2.02
Watches,Dial Glass Material,4,2.02
Watches,Warranty,4,2.02
Watches,Chronograph,4,2.02
Watches,24-Hour Display,3,1.52
Watches,Case Size,3,1.52
Watches,Dial Design,3,1.52
Watches,Luminous Hands/Markers,3,1.52
Watches,Pushers,3,1.52
Watches,Band width,2,1.01
Watches,Readability,2,1.01
Watches,Movement Type,2,1.01
Watches,Compass-Inspired Bezel,2,1.01
Watches,Case material type,1,0.51
Watches,Case Design,1,0.51
Watches,Gift Occasion,1,0.51
Watches,Dial Features,1,0.51
Watches,Case Color,1,0.51
Watches,Case Finish,1,0.51
Watches,Lug Width,1,0.51
Watches,Bracelet Material,1,0.51
Watches,Bracelet Color,1,0.51
Watches,Origin,1,0.51
Watches,GMT / Dual Time,1,0.51
Watches,Rotating Bezel,1,0.51
Watches,Item Shape,1,0.51
Watches,Watch Movement,1,0.51
Watches,Features,1,0.51
Watches,Case Profile,1,0.51
Watches,Packer,1,0.51
Watches,Importer,1,0.51
Watches,Crown,1,0.51
Watches,Day-Date Display,1,0.51
